Attribute,Variance,StdDev,Range,Actionability
Feature_297,3898805.469511625,1974.5393056385647,15542.9133,10
Feature_296,80348.70651275554,283.45847405352964,1992.2514999999999,10
Feature_469,52041.53338705051,228.12613481811002,991.5848,10
Feature_582,7620.385139239379,87.29481736758133,726.3623,10
Feature_2,6461.254533390515,80.3819291469825,687.69,10
